"""%s"" coupon code is not valid.","""%s"" Rabattkode ist ungültig."
"%s","%s"
"%s / %s rate:","%s / %s Kurs:"
"%s for %s","%s für %s"
"%s order(s) cannot be canceled","%s Bestellung(en) konnte(n) nicht storniert werden."
"%s order(s) have been canceled.","%s Bestellung(en) wurde(n) storniert."
"%s order(s) have been put on hold.","%s Bestellung(en) wurde(n) zurückgestellt."
"%s order(s) have been released from holding status.","%s Bestellung(en) wurde(n) wieder aufgenommen."
"%s order(s) were not put on hold.","%s Bestellung(en), die nicht zurückgestellt sind."
"%s order(s) were not released from holding status.","%s Bestellung(en) wurde(n) nicht wieder aufgenommen."
"* - Enter custom price excluding tax","* - Geben Sie den benutzerdefinierten Preis ohne Steuer ein"
"* - Enter custom price including tax","* - Geben Sie den benutzerdefinierten Preis inklusive Steuer ein"
"* Required Fields","* Pflichtfelder"
"-- Please Select --","-- Bitte auswählen --"
"-- Please Select Billing Agreement--","-- Bitte Zahlungsvereinbarung auswählen--"
"About This Order:","Über diese Bestellung:"
"About This Profile:","Über dieses Profil:"
"About Your Invoice","Informationen zu Ihrer Rechnung"
"About Your Order","Informationen zu Ihrer Bestellung"
"About Your Refund","Informationen zu Ihrer Rückerstattung"
"About Your Shipment","Informationen zu Ihrer Sendung"
"Accept Payment","Zahlung akzeptieren"
"Accept or Deny Payment","Zahlung akzeptieren oder ablehnen"
"Account Information","Kontoinformationen"
"Action","Aktion"
"Actions","Aktionen"
"Activate","Aktivieren"
"Active","Aktiv"
"Add","Hinzufügen"
"Add New Address","Neue Adresse"
"Add Order Comments","Bestellungskommentare hinzufügen"
"Add Package","Verpackung hinzufügen"
"Add Products","Artikel hinzufügen"
"Add Selected Product(s) to Option","Ausgewählte Artikel zur Option hinzufügen"
"Add Selected Product(s) to Order","Ausgewählte Artikel der Bestellung hinzufügen"
"Add Selected Product(s) to Package","Ausgewählte(s) Artikel zur Verpackung hinzufügen"
"Add To Order","Zur Bestellung hinzufügen"
"Add Tracking Number","Sendungsverfolgungs-Nummer hinzufügen"
"Add comment to order","Kommentar zur Bestellung hinzufügen"
"Add new comment to credit memo","Neuer Kommentar zur Rechnungskorrektur"
"Add new comment to shipment","Neuer Kommentar zum Versand"
"Add new tracking number","Neue Sendungsverfolgungs-Nummer"
"Add to Cart","In den Warenkorb"
"Additional Product Info","Zusätzliche Angaben zum Artikel"
"Address","Adresse"
"Address model is not defined.","Address-Modell ist nicht definiert."
"Adjustment Fee","Berichtigungsgebühr"
"Adjustment Refund","Berichtigungserstattung"
"Agreement Information","Vereinbarungsinformationen"
"Allow Reorder","Nachbestellung erlauben"
"Amount","Summe"
"Amount: %s.","Summe: %s."
"An error occurred while assigning order status. Status has not been assigned.","Bei der Zuweisung des Auftragsstatus ist ein Fehler aufgetreten. Status wurde nicht zugewiesen."
"An error occurred while creating shipping label.","Beim Erstellen des Paketaufklebers ist ein Fehler aufgetreten."
"An error occurred while saving order status. The status has not been added.","Bei der Zuweisung des Auftragsstatus ist ein Fehler aufgetreten. Der Status wurde nicht hinzugefügt."
"An error occurred while unassigning order status.","Beim Auflösen der Zuweisung des Auftragsstatus ist ein Fehler aufgetreten."
"An error occurred while updating the order address. The address has not been changed.","Beim Aktualisieren der Bestelladresse ist ein Fehler aufgetreten. Die Adresse wurde nicht geändert."
"An item option with code %s already exists.","Eine Artikeloption mit dem Kode %s existiert bereits."
"Anchor Custom Title","Kundenspezifischen Titel festlegen"
"Append Comments","Kommentare anhängen"
"Apply","Anwenden"
"Apply Coupon Code","Rabattkode einlösen"
"Approved the payment online.","Zahlung online akzeptiert."
"Are you sure you want to accept this payment?","Sind Sie sicher, dass Sie diese Zahlung akzeptieren wollen?"
"Are you sure you want to cancel this order?","Sind Sie sicher, dass Sie diese Bestellung stornieren wollen?"
"Are you sure you want to delete all items from shopping cart?","Sind Sie sicher, dass alle Artikel aus Ihrem Warenkorb entfernt werden sollen?"
"Are you sure you want to deny this payment?","Sind Sie sicher, dass Sie diese Zahlung ablehnen wollen?"
"Are you sure you want to do this?","Sind Sie sicher, dass Sie das tun wollen?"
"Are you sure you want to send Creditmemo email to customer?","Sind Sie sicher, dass Sie ein Gutschrift-eMail an den Kunden schicken wollen?"
"Are you sure you want to send Invoice email to customer?","Sind Sie sicher, dass Sie ein Rechnungs-eMail an den Kunden schicken wollen?"
"Are you sure you want to send Shipment email to customer?","Sind Sie sicher, dass Sie ein Versand-eMail an den Kunden schicken wollen?"
"Are you sure you want to send order email to customer?","Sind Sie sicher, dass Sie ein Bestellungs-eMail an den Kunden schicken wollen?"
"Are you sure you want to void the payment?","Sind Sie sicher, dass Sie die Zahlung aufheben wollen?"
"Are you sure?","Sind Sie sicher?"
"Are you sure? This order will be canceled and a new one will be created instead","Sind Sie sicher? Diese Bestellung wird storniert und stattdessen eine neue erstellt."
"Assign Order Status to State","Bestell-Status einen Zustand zuweisen"
"Assign Status to State","Status einen Zustand zuweisen"
"Assignment Information","Informationen zur Zuweisung"
"At least a payment ID must be set.","Es muss mindestens eine Zahlungs-ID gesetzt sein."
"Authorization","Bewilligung"
"Authorized amount of %s.","Bewilligte Summe von %s."
"Authorizing amount of %s is pending approval on gateway.","Bewilligung des Betrags %s ausstehend - warte auf Genehmigung vom Gateway."
"Back","Zurück"
"Back to Billing Agreements","Zurück zu den Zahlungsvereinbarungen"
"Back to My Orders","Zurück zu meinen Bestellungen"
"Back to Recurring Profiles","Zurück zu den wiederkehrenden Leistungen"
"Backordered","Wird nachgeliefert"
"Bestsellers","Meist verkaufte"
"Bill to Name","Rechnung an"
"Billing","Rechnungsstellung"
"Billing Address","Rechnungsadresse"
"Billing Agreement","Zahlungsfreigabe"
"Billing Agreement # %s","Zahlungsfreigabe Nr. %s"
"Billing Agreement #%s","Zahlungsfreigabe Nr. %s"
"Billing Agreement View","Zahlungsfreigabe Ansicht"
"Billing Agreements","Zahlungsfreigaben"
"Billing Last Name","Nachname in der Rechnung"
"Billing ZIP Code","PLZ in der Rechnung"
"Buy %s for price %s","Kaufen Sie %s zum Preis von %s"
"CSV","CSV"
"Cancel","Stornieren"
"Cancel credit memo","Rechnungskorrektur stornieren"
"Cancel invoice","Rechnung stornieren"
"Cancel order","Bestellung stornieren"
"Canceled","Storniert"
"Canceled order offline.","Stornierte Bestellung offline."
"Canceled order online.","Stornierte Bestellung online."
"Cannot add order history.","Bestellungshistorie kann nicht hinzugefügt werden."
"Cannot create an empty shipment.","Es kann kein leerer Versand erstellt werden."
"Cannot determine the field name.","Feldname kann nicht bestimmt werden."
"Cannot do invoice for order.","Rechnung für Bestellung kann nicht erstellt werden."
"Cannot do shipment for order.","Versand für Bestellung kann nicht durchgeführt werden."
"Cannot get order instance","Bestellungsinstanz kann nicht gefunden werden."
"Cannot get the order instance.","Die Bestellungsinstanz kann nicht gefunden werden."
"Cannot register an existing credit memo.","Eine bereits existierende Rechnungskorrektur kann nicht nochmals registriert werden."
"Cannot register existing invoice","Eine bereits existierende Rechnung kann nicht nochmals registriert werden."
"Cannot register existing shipment","Eine bereits existierende Sendung kann nicht nochmals registriert werden."
"Cannot send shipment information.","Kann Versandinformation nicht senden."
"Capture","Erfassung"
"Capture Amount","Betrag erfassen"
"Capture Invoice","Rechnung erfassen"
"Capture Offline","Offline erfassen"
"Capture Online","Online erfassen"
"Capture invoice","Rechnung erfassen"
"Captured amount of %s online.","Erfasster Betrag von %s online."
"Capturing amount of %s is pending approval on gateway.","Erfasster Betrag in Höhe von %s wartet auf Freigabe am Gateway."
"Carrier","Versanddienstleister"
"Carrier/Method","Versender/Versandmethode"
"Change status, add comments","Status ändern, Kommentare hinzufügen"
"Changing address information will not recalculate shipping, tax or other order amount.","Das Ändern der Adressdaten löst keine Neuberechnung von Versandkosten, Steuern oder anderen Bestellbeträgen aus."
"Checkout Totals Sort Order","Reihenfolge der Gesamtbeträge des Bezahlvorgangs"
"City","Stadt"
"Clear Shopping Cart","Warenkorb leeren"
"Click to change shipping method","Klicken Sie, um die Versandart zu ändern"
"Close","Schließen"
"Closed","Geschlossen"
"Comma-separated.","Komma-getrennt."
"Comment","Kommentar"
"Comment Text","Kommentartext"
"Comments","Kommentare"
"Comments History","Kommentarverlauf"
"Company","Firma"
"Complete","Vollständig"
"Configure","Konfigurieren"
"Configure and Add to Order","Konfigurieren und zum Auftrag hinzufügen"
"Contents","Inhalte"
"Continue","Fortsetzen"
"Controls whether customer IP is shown in orders, invoices, shipments, credit memos.","Soll die IP-Adresse des Kunden in Bestellungen, Rechnungen, Lieferscheinen und Rechnungskorrekturen angezeigt werden?"
"Country","Land"
"Coupons","Gutscheine"
"Create","Anlegen"
"Create New Customer","Neuer Kunde"
"Create New Order","Neue Bestellung"
"Create New Order Status","Neuer Auftragsstatus"
"Create New Order for %s","Neue Bestellung für %s anlegen"
"Create New Order for %s in %s","Neue Bestellung für %s in %s anlegen"
"Create New Order for New Customer","Neue Bestellung für Neukunden anlegen"
"Create New Order for New Customer in %s","Neue Bestellung für Neukunden in %s anlegen"
"Create New Status","Neuer Status"
"Create Order","Bestellung anlegen"
"Create Packages","Verpackungen erstellen"
"Create Shipment","Versand starten"
"Create Shipping Label","Paketaufkleber erstellen"
"Create Shipping Label...","Paketaufkleber erstellen…"
"Create new credit memo for order","Neue Rechnungskorrektur für Bestellung"
"Create new invoice for order","Neue Rechnung für Bestellung"
"Create new shipment for order","Neuer Versand für Bestellung"
"Create...","Erstelle..."
"Created At","Angelegt am"
"Created billing agreement #%s.","Rechnungsvereinbarung Nr. %s erstellt."
"Created:","Erstellt:"
"Credit Memo","Rechnungskorrektur"
"Credit Memo #","Rechnungskorrektur Nr. "
"Credit Memo # ","Rechnungskorrektur Nr. "
"Credit Memo #%1$s | %3$s | %2$s (%4$s)","Rechnungskorrektur Nr. %1$s | %3$s | %2$s (%4$s)"
"Credit Memo Comment Email Sender","Rechnungskorrektur Kommentar eMail-Absender"
"Credit Memo Comment Email Template","Rechnungskorrektur Kommentar eMail-Vorlage"
"Credit Memo Comment Email Template for Guest","Rechnungskorrektur Kommentar eMail-Vorlage für Gast"
"Credit Memo Comments","Rechnungskorrektur Kommentare"
"Credit Memo Email Sender","Rechnungskorrektur eMail-Absender"
"Credit Memo Email Template","Rechnungskorrektur eMail-Vorlage"
"Credit Memo Email Template for Guest","Rechnungskorrektur eMail-Vorlage für Gäste"
"Credit Memo Update","Rechnungskorrektur Aktualisierung"
"Credit Memo Update for Guest","Rechnungskorrektur Aktualisierung für Gäste"
"Credit Memos","Rechnungskorrekturen"
"Credit memo #%s comment added","Kommentar zu Rechnungskorrektur Nr. %s hinzugefügt"
"Credit memo #%s created","Rechnungskorrektur Nr. %s erstellt"
"Credit memo canceling problem.","Fehler beim Stornieren der Rechnungskorrektur."
"Credit memo cannot be canceled.","Rechnungskorrektur konnte nicht storniert werden."
"Credit memo has been created automatically","Rechnungskorrektur wurde automatisch erstellt."
"Custom Price","Sonderpreis"
"Custom Value","Eigener Wert"
"Customer","Kunde"
"Customer Can Define Start Date","Kunde kann den Starttermin festlegen"
"Customer Email","eMail-Adresse des Kunden"
"Customer Group","Kundengruppe"
"Customer Last Name","Nachname"
"Customer Middle Name","Mittelname"
"Customer My Account Order Creditmemo View","Kunde - Mein Konto - Rechnungskorrekturen Übersicht"
"Customer My Account Order History","Kunde - Mein Konto - Bestellverlauf"
"Customer My Account Order Invoice View","Kunde - Mein Konto - Rechnungsübersicht"
"Customer My Account Order Shipment View","Kunde - Mein Konto - Versand Übersicht"
"Customer My Account Order View","Kunde - Mein Konto - Bestellübersicht"
"Customer Name","Vorname"
"Customer\'s Current Activities","Aktuelle Aktionen des Kunden"
"Customs Value","Zollwert"
"Date","Datum"
"Date Shipped","Versanddatum"
"Default Status","Status (voreingestellt)"
"Default Template","Vorlage (voreingestellt)"
"Default logo, will be used in PDF and HTML documents.<br />(jpeg, tiff, png) If you see image distortion in PDF, try to use larger image","Standardlogo, wird in PDF- und HTML-Dokumenten verwendet.<br />(jpeg, tiff, png) Wenn Sie eine Bildverzerrung im PDF feststellen, versuchen Sie es mit einem größeren Bild."
"Delete","Löschen"
"Delete Package","Verpackung löschen"
"Denied the payment online.","Bezahlung online verweigert."
"Deny Payment","Bezahlung verweigern"
"Description Message","Beschreibungsmitteilung"
"Discount","Rabatt"
"Discount (%s)","Rabatt (%s)"
"Discount Amount","Rabattbetrag"
"Display Order ID in Header","Bestellnummer im Dokumenten-Kopf anzeigen"
"Edit","Bearbeiten"
"Edit Order #%s","Bestellung Nr. %s bearbeiten"
"Edit Order %s %s Address","Bestelladresse %s %s bearbeiten"
"Edit Order Status","Auftragsstatus bearbeiten"
"Email","eMail"
"Email Address","eMail-Adresse"
"Email Copy of Credit Memo","eMail-Kopie der Rechnungskorrektur"
"Email Copy of Invoice","eMail-Kopie der Rechnung"
"Email Copy of Shipment","eMail-Kopie der Versandinformationen"
"Email Order Confirmation","eMail mit Auftragsbestätigung"
"Enable","Aktivieren"
"Enable Recurring Profile","Wiederkehrende Leistungen verwenden"
"Enabled","Aktiviert"
"Enter the billing last name and email/ZIP as in the order billing address","Geben Sie den Nachnamen und die eMail/PLZ wie auf der Rechnungsadresse in der Bestellung ein."
"Entered data is incorrect. Please try again.","Die eingegebenen Daten sind inkorrekt. Bitte nochmal versuchen."
"Error to Show in Shopping Cart","Fehler beim Anzeigen im Warenkorb"
"Excel XML","Excel-XML"
"Excl. Tax","ohne Steuern"
"Expired","Abgelaufen"
"Explanation","Erklärung"
"Failed to cancel the billing agreement.","Aufhebung von Zahlungsvereinbarung fehlgeschlagen."
"Failed to create billing agreement for this order.","Erstellen von Zahlungsvereinbarung für diese Bestellung fehlgeschlagen."
"Failed to finish billing agreement wizard.","Abschließen von Zahlungsvereinbarung Assistent fehlgeschlagen."
"Failed to send the order email.","Senden der Auftrags-eMail fehlgeschlagen."
"Failed to start billing agreement wizard.","Start von Zahlungsvereinbarung-Assistent fehlgeschlagen."
"Failed to update the payment.","Aktualisieren der Zahlung fehlgeschlagen."
"Failed to update the profile.","Aktualisierung des Profils fehlgeschlagen."
"Failed to void the payment.","Aufheben der Zahlung fehlgeschlagen."
"Fetch","Holen"
"File extension not known or unsupported type in the following shipment: %s","Dateierweiterung ist unbekannt oder wird nicht unterstützt bei der folgenden Lieferung: %s"
"Find Order By:","Bestellungen finden durch:"
"First Name","Vorname"
"From","Von"
"From Name","Von Name"
"From:","Von:"
"G.T. (Base)","Gesamtbetrag (Basis)"
"G.T. (Purchased)","Gesamtbetrag (Verkauft)"
"General","Allgemein"
"General Information","Allgemeine Informationen"
"Get Payment Update","Zahlungsaktualisierung abrufen"
"Get Update","Update erhalten"
"Get shipping methods and rates","Versandarten und -kosten abrufen"
"Gift Message","Grußnachricht"
"Gift Message for This Order","Grußnachricht für diese Bestellung"
"Gift Message for the Entire Order","Grußnachricht für die gesamte Bestellung"
"Gift Message for this Order","Grußnachricht für diesen Auftrag"
"Gift Options","Geschenkoptionen"
"Gift Wrapping for the Entire Order","Geschenkverpackung für die gesamte Bestellung"
"Girth","Umfang"
"Go to Home Page","Gehe zur Startseite"
"Grand Total","Gesamtsumme"
"Grand Total to Be Charged","Gesamtsumme, die belastet werden soll"
"Grand Total to be Charged","Gesamtsumme, die belastet werden soll"
"Grand Total (Excl. Tax)","Gesamtbetrag (ohne Steuern)"
"Grand Total (Incl. Tax)","Gesamtbetrag (mit Steuern)"
"Guest","Gast"
"Height","Höhe"
"Hide Customer IP","Kunden-IP verbergen"
"Hold","Zurückstellen"
"Hold action is not available.","Zurückstellen ist leider nicht möglich."
"Hold order","Bestellung zurückstellen"
"Home","Startseite"
"ID","ID"
"ID #","ID-Nr."
"IPN ""Refunded"". Refund issued by merchant. Registered notification about refunded amount of %s. Transaction ID: ""%s""","IPN ""Erstattet"". Erstattung vom Händler ausgestellt. Benachrichtigung über zurückerstatteten Betrag von %s registriert. Transaktions-ID: ""%s""."
"IPN ""Refunded"". Refund issued by merchant. Registered notification about refunded amount of %s. Transaction ID: ""%s"". Credit Memo has not been created. Please create offline Credit Memo.","IPN ""Erstattet"". Erstattung vom Händler ausgestellt. Benachrichtigung über zurückerstatteten Betrag von %s registriert. Transaktions-ID: ""%s"". Rechnungskorrektur wurde nicht erstellt. Bitte erstellen Sie offline eine Rechnungskorrektur."
"If empty, the default description above will be used.","Wenn leer, wird die Standardbeschreibung (siehe oben) verwendet."
"If empty, the default error above will be used.","Wenn leer, wird die Standard-Fehlernachricht (siehe oben) verwendet."
"If the invoice was created offline, try creating an offline creditmemo.","Wenn Rechnung offline erstellt wurde, versuchen Sie einen Offline Gutschein zu erstellen."
"Incl. Tax","Steuer inkludieren"
"Information","Information"
"Initial Fee","Einführungsgebühr"
"Initial Fees","Einführungsgebühren"
"Initial period payment","Zahlung für ersten Abrechnungszeitraum"
"Insufficient information to create shipping label(s). Please verify your Store Information and Shipping Settings.","Unzureichende Informationen, um Versandetikette(n) zu erstellen. Bitte bestätigen Sie Ihre Laden-Informationen und Versandeinstellungen."
"Invalid block: %s.","Ungültiger Block: %s."
"Invalid carrier specified.","Ungültiger Versender angegeben."
"Invalid draw line data. Please define ""lines"" array.","Ungültige Zeilendaten. Bitte ""lines"" Array korrekt füllen."
"Invalid entity model","Ungültiges Entitätsmodell"
"Invalid item option format.","Ungültiges Format für Artikeloption."
"Invalid qty to invoice item ""%s""","Ungültige Anz., um Artikel ""%s"" zu fakturieren"
"Invalid qty to refund item ""%s""","Ungültige Anz., um Artikel ""%s"" zurückzuerstatten"
"Invalid qty to ship for item ""%s""","Ungültige Anz. bezüglich der Lieferung des Artikels ""%s"""
"Invalid renderer model","Ungültiges Renderer-Modell"
"Invalid request for adding product to quote.","Ungültige Anfrage, dem Angebot Artikel hinzuzufügen."
"Invalid value(s) for Qty to Ship","Unzulässige(r) Wert(e) für die Liefermenge"
"Invoice","Rechnung"
"Invoice #","Rechnung Nr. "
"Invoice # ","Rechnung Nr. "
"Invoice #%1$s | %2$s | %4$s (%3$s)","Rechnung Nr. %1$s | %2$s | %4$s (%3$s)"
"Invoice #%s","Rechnung Nr. %s"
"Invoice #%s comment added","Kommentar zu Rechnung Nr. %s hinzugefügt"
"Invoice #%s created","Rechnung Nr. %s erstellt"
"Invoice Comment Email Sender","Rechnungskommentar eMail-Absender"
"Invoice Comment Email Template","Rechnungskommentar eMail-Vorlage"
"Invoice Comment Email Template for Guest","Rechnungskommentar eMail-Vorlage für Gäste"
"Invoice Comments","Rechnungskommentare"
"Invoice Date","Rechnungsdatum"
"Invoice Email Sender","Rechnung eMail-Absender"
"Invoice Email Template","Rechnung eMail-Vorlage"
"Invoice Email Template for Guest","Rechnung eMail-Vorlage für Gäste"
"Invoice Update","Rechnungsaktualisierung"
"Invoice Update for Guest","Rechnungsaktualisierung für Gäste"
"Invoice and Packing Slip Design","Rechnungs- und Lieferscheingestaltung"
"Invoice and Ship","Rechnung und Versand"
"Invoice canceling problem.","Problem beim Stornieren einer Rechnung."
"Invoice cannot be canceled.","Rechnung kann nicht storniert werden."
"Invoice cannot be captured.","Rechnung kann nicht erfasst werden."
"Invoice cannot be voided.","Rechnung kann nicht aufgehoben werden."
"Invoice capturing problem.","Problem beim Erfassen einer Rechnung."
"Invoice void problem","Problem beim Aufheben der Rechnung."
"Invoice will be created without communication with payment gateway.","Rechnung wird ohne Verbindung zur Zahlungsschnittstelle erstellt."
"Invoiced","In Rechnung gestellt"
"Invoiced:","In Rechnung gestellt:"
"Invoices","Rechnungen"
"Is Closed","Geschlossen"
"Item","Artikel"
"Item Status","Artikelstatus"
"Item object is not specified.","Artikelobjekt ist nicht näher bestimmt."
"Item options declaration error.","Fehler bei der Angabe der Artikeloptionen."
"Item ordered qty","Bestellte Menge des Artikels"
"Item qty declaration error.","Fehler bei Eingabe der Artikelmenge."
"Items","Artikel"
"Items Invoiced","In Rechnung gestellte Artikel"
"Items Ordered","Bestellte Artikel"
"Items Refunded","Rückvergütete Artikel"
"Items Shipped","Versandte Artikel"
"Items in the Package","Artikel im Paket"
"Items maximum quantity or price do not allow checkout.","Maximale Bestellanzahl für diesen Artikel überschritten oder die Bestellsumme ist zu hoch für den Warenkorb."
"Items options declaration error.","Fehler bei Angabe der Artikeloptionen."
"Items to Invoice","Artikel in Rechnung zu stellen"
"Items to Invoice and Ship","Artikel in Rechnung zu stellen und zu versenden"
"Items to Refund","Artikel zur Rückvergütung"
"Items to Ship","Zu versendende Artikel"
"Key","Schlüssel"
"Last Name","Nachname"
"Last Ordered Items","Zuletzt bestellte Artikel"
"Last status can\'t be unassigned from state.","Zuweisung des letzten Status kann nicht aufgehoben werden."
"Length","Länge"
"Link to the New Order","Link zur neuen Bestellung"
"Link to the Previous Order","Link zur vorherigen Bestellung"
"Logo for HTML Print View","Logo für HTML-Druckansicht<br />(auch für eMail-Vorlagen)"
"Logo for HTML documents only. If empty, default will be used.<br />(jpeg, gif, png)","Logo ausschließlich für HTML-Dokumente. Wenn leer, wird das voreingestellte Logo verwendet.<br />(jpeg, gif, png)"
"Logo for PDF Print-outs (200x50)","Logo für PDF-Ausdrucke (200x50)"
"Make Check payable to:","Scheck zur Auszahlung an:"
"Manage","Verwalten"
"Maximum amount available to refund is %s","Maximale Summe, die für eine Rückerstattung verfügbar ist, beträgt %s"
"Maximum shipping amount allowed to refund is: %s","Maximaler, erstattungsfähiger Versandbetrag ist: %s"
"Message","Nachricht"
"Message:","Nachricht:"
"Middle Name","Mittelname"
"Minimum Amount","Mindestbetrag"
"Minimum Order Amount","Mindestbestellsumme"
"Mixed","Gemischt"
"Most Viewed","Am häufigsten betrachtet"
"Most Viewed Products Report","Bericht über die am häufigsten betrachteten Artikel"
"Move to Shopping Cart","In den Warenkorb legen"
"Move to Wishlist","Auf Wunschzettel schreiben"
"Multi-address Description Message","Mehrfach-Adressen Beschreibung"
"Multi-address Error to Show in Shopping Cart","Mehrfach-Adressen Fehler im Warenkorb"
"My Orders","Meine Bestellungen"
"My Orders - Details","Meine Bestellungen - Details"
"N/A","Nicht verfügbar"
"Name","Name"
"New","Neu"
"New Billing Agreement","Neue Zahlungsvereinbarung"
"New Credit Memo","Neue Rechnungskorrektur"
"New Credit Memo for Guest","Neue Rechnungskorrektur für Gast"
"New Credit Memo for Invoice #%s","Neue Rechnungskorrektur für Rechnung Nr. %s"
"New Credit Memo for Order #%s","Neue Rechnungskorrektur für Bestellung Nr. %s"
"New Invoice","Neue Rechnung"
"New Invoice and Shipment for Order #%s","Neue Rechnung und Versand für Bestellung Nr. %s"
"New Invoice for Guest","Neue Rechnung für Gast"
"New Invoice for Order #%s","Neue Rechnung für Bestellung Nr. %s"
"New Order","Neue Bestellung"
"New Order Confirmation Email Sender","Bestellbestätigung eMail-Absender"
"New Order Confirmation Template","Vorlage für eine neue Bestellbestätigung"
"New Order Confirmation Template for Guest","Vorlage für eine neue Bestellbestätigung als Gast"
"New Order RSS","RSS für neue Bestellungen"
"New Order Status","Neuer Bestellstatus"
"New Order for Guest","Neue Bestellung für Gast"
"New Shipment","Neuer Versand"
"New Shipment for Guest","Neuer Versand für Gast"
"New Shipment for Order #%s","Neuer Versand für Bestellung Nr. %s"
"Newsletter Subscription","Newsletter-Abonnement"
"No","Nein"
"No Items","Keine Artikel"
"No Items To Refund","Keine Artikel zu erstatten"
"No Payment Methods","Keine Zahlungsmethoden"
"No detail for number ""%s""","Keine Details zu Nummer ""%s"""
"No information available.","Keine Informationen verfügbar."
"No items","Keine Artikel"
"No order(s) were put on hold.","Es wurden keine Bestellungen zurückgestellt."
"No order(s) were released from holding status.","Es wurden keine Bestellungen wiederaufgenommen."
"No ordered items","Keine bestellten Artikel"
"No shipping information available","Keine Versandinformation verfügbar"
"Nominal Items","Nominale Artikel"
"Nominal item can be purchased standalone only. To proceed please remove other items from the quote.","Nominale Artikel können nur einzeln erworben werden. Um fortzufahren, entfernen Sie bitte die übrigen Artikel aus der Bestellung."
"Nominal order registered.","Nominale Bestellung erfasst."
"Not Capture","Nicht erfasst"
"Not Initialized","Nicht initialisiert"
"Not Notified","Nicht benachrichtigt"
"Not enough valid data to save the parent transaction ID.","Nicht ausreichend gültige Daten zum Speichern der übergeordneten Transaktionsnummer."
"Notification Not Applicable","Benachrichtigung nicht möglich"
"Notified","Benachrichtigt"
"Notify Customer by Email","Kunde per eMail benachrichtigen"
"Number","Nummer"
"Number of Invoiced Orders","Anzahl der in Rechnung gestellten Bestellungen"
"Number of Orders","Anzahl der Bestellungen"
"Number of Refunded Orders","Anzahl der erstatteten Bestellungen"
"OK","Akzeptieren"
"Offline Refunded","Offline erstattet"
"On Hold","Zurückgestellt"
"Online Refunded","Online erstattet"
"Order","Bestellung"
"Order #","Bestellung Nr. "
"Order # ","Bestellung Nr. "
"Order # %s","Bestellung Nr. %s"
"Order # %s %s | %s","Bestellung Nr. %s %s | %s"
"Order #%s","Bestellung Nr. %s"
"Order #%s - %s","Bestellung Nr. %s - %s"
"Order API","Bestell-API"
"Order Address Information","Bestell-Adressinformation"
"Order Comment","Kommentar zur Bestellung"
"Order Comment Email Sender","Bestellkommentar eMail-Absender"
"Order Comment Email Template","Bestellkommentar eMail-Vorlage"
"Order Comment Email Template for Guest","Bestellkommentar eMail-Vorlage für Gäste"
"Order Comments","Kommentare zur Bestellung"
"Order Credit Memos","Rechnungskorrektur für Bestellung"
"Order Currency:","Währung der Bestellung:"
"Order Date","Bestelldatum"
"Order Date (%s)","Bestelldatum (%s)"
"Order Date: ","Bestelldatum:"
"Order Date: %s","Bestelldatum: %s"
"Order Details","Bestelldaten"
"Order Grand Total","Bestellung Gesamtbetrag"
"Order History","Bestellverlauf"
"Order History Info","Info zum Bestellverlauf"
"Order ID","Bestellnummer"
"Order Information","Bestellinformationen"
"Order Invoices","Rechnungen zur Bestellung"
"Order Shipments","Versand zur Bestellung"
"Order State","Bestellzustand"
"Order Status","Bestellstatus"
"Order Status Information","Information zum Bestellstatus"
"Order Statuses","Bestellstatus und -zustände"
"Order Subtotal","Bestellung Zwischensumme"
"Order Taxes Report Grouped by Tax Rates","Bestellungssteuerbericht nach Steuersätzen gruppiert"
"Order Total","Bestellsumme"
"Order Totals","Bestellsummen"
"Order Update","Bestellaktualisierung"
"Order Update for Guest","Bestellaktualisierung für Gast"
"Order View","Bestellübersicht"
"Order credit memo","Rechnungskorrektur für Bestellung"
"Order does not allow to be canceled.","Es ist nicht gestattet, diese Bestellung zu stornieren."
"Order invoice","Rechnung zur Bestellung"
"Order is suspended as its authorizing amount %s is suspected to be fraudulent.","Bestellung wurde zurückgestellt, da der autorisierte Betrag %s als Betrugsversuch gewertet wurde."
"Order is suspended as its capture amount %s is suspected to be fraudulent.","Bestellung wurde zurückgestellt, da der erfasste Betrag %s unter Umständen durch unbefugten Zugriff manipuliert wurde."
"Order object is not specified.","Bestellobjekt ist nicht näher bestimmt."
"Order saving error: %s","Fehler beim Speichern der Bestellung: %s"
"Order shipments","Versand zur Bestellung"
"Order status does not exist.","Bestellstatus existiert nicht."
"Order status with the same status code already exist.","Es existiert schon ein Bestellstatus mit diesem Statuskode."
"Order was placed using %s","Bestellung wurde aufgegeben mittels %s"
"Ordered","Bestellt"
"Ordered amount of %s.","Bestellte Anzahl von %s."
"Ordering amount of %s is pending approval on gateway.","Bestellwert von %s steht noch zur Freigabe vom Gateway aus."
"Orders","Bestellungen"
"Orders and Returns","Bestellungen und Retouren"
"Orders and Returns Search Form","Suchmaske Bestellungen und Retouren"
"Original Price","Originalpreis"
"Original order item that recurring payment profile correspondss to.","Ursprünglich bestellter Artikel, der dem Zahlungsprofil entspricht."
"PDF Credit Memos","PDF Rechnungskorrekturen"
"PDF Invoices","PDF Rechnungen"
"PDF Packingslips","PDF Packzettel"
"PDF Print-outs","PDF Ausdrucke"
"PDF object is not specified.","PDF-Objekt ist nicht spezifiziert."
"PDF page object is not specified.","PDF-Seitenobjekt ist nicht spezifiziert"
"PDF total model should extend Mage_Sales_Model_Order_Pdf_Total_Default","PDF-Gesamtmodell sollte Mage_Sales_Model_Order_Pdf_Total_Default erweitern"
"Package","Paket"
"Package types are disregarded for USPS domestic shipments.","Paket-Typen werden für den USPS-Inlandsversand nicht berücksichtigt."
"Packages","Verpackungen"
"Packingslip # ","Packzettel Nr."
"Paid","Bezahlt"
"Paid Amount","Gezahlter Betrag"
"Parent Transaction ID","Übergeordnete Transaktionsnummer"
"Parent transaction ID must have a transaction ID.","Übergeordnete Transaktionsnummer muss eine Transaktionsnummer besitzen."
"Partial","Unvollständig"
"Payment Failed","Zahlung fehlgeschlagen"
"Payment Information","Zahlungsinformation"
"Payment Method","Zahlungsart"
"Payment Method Name","Name der Zahlungsart"
"Payment Method:","Zahlungsart:"
"Payment Review","Zahlungsprüfung"
"Payment disallow storing objects.","Die Zahlung erlaubt keine Speicherung von Objekten."
"Payment transactions disallow storing objects.","Die Zahlungstransaktion erlaubt keine Speicherung von Objekten."
"Payment type","Zahlungsart"
"Payment update has been made.","Eine Aktualisierung der Zahlung ist erfolgt."
"Pending","Ausstehend"
"Pending Payment","Ausstehende Zahlung"
"Period","Zeitraum"
"Place Order Using Billing Agreements","Jetzt mit Zahlungsvereinbarungen kaufen"
"Placed from IP","Bestellt von IP-Nummer"
"Please Select Products to Add","Bitte wählen Sie hinzuzufügende Artikel"
"Please Select a Customer","Bitte wählen Sie einen Kunden"
"Please Select a Store","Bitte wählen Sie einen Laden aus"
"Please check billing address information. %s","Bitte überprüfen Sie die Rechnungsadresse. %s"
"Please check shipping address information. %s","Bitte überprüfen Sie die Versandadresse. %s"
"Please define PDF object before using.","Bitte bestimmen Sie vor Gebrauch das PDF-Objekt"
"Please enter positive number in this field.","Bitte schreiben Sie in dieses Feld positive Zahl."
"Please select a valid payment method.","Bitte wählen Sie eine gültige Zahlungsmethode."
"Please specify a shipping method.","Bitte geben Sie eine Versandart an."
"Please specify a valid grid column alias name that exists in grid table.","Bitte geben Sie eine gültige Reihenbezeichnung, die in der Matrix existiert, an."
"Price","Preis"
"Print","Drucken"
"Print All","Alles drucken"
"Print All Invoices","Alle Rechnungen drucken"
"Print All Refunds","Alle Erstattungen drucken"
"Print All Shipments","Alle Versandinformationen drucken"
"Print Credit Memos","Rechnungskorrekturen drucken"
"Print Invoice","Rechnung drucken"
"Print Invoices","Rechnungen drucken"
"Print Order","Bestellung drucken"
"Print Order # %s","Bestellung Nr. %s drucken"
"Print Packingslips","Packzettel drucken"
"Print Refund","Erstattung drucken"
"Print Shipment","Versandinformationen drucken"
"Print Shipping Label","Paketaufkleber drucken"
"Print Shipping Labels","Paketaufkleber drucken"
"Processing","Verarbeitung"
"Product","Artikel"
"Product Name","Artikelname"
"Products","Artikel"
"Products Bestsellers Report","Bericht der am meisten verkauften Artikel"
"Products in Comparison List","Artikel in der Vergleichsliste"
"Products should be added to package(s)","Artikel sollten dem Paket/den Paketen hinzugefügt werden"
"Profile #%s","Profil Nr. %s"
"Profile Information","Profil Information"
"Profile State","Profil Zustand"
"Profit","Gewinn"
"Promotion Coupons Usage Report","Bericht über die Verwendung von Werbungsgutscheinen"
"Proper payment object must be set.","Es muss ein geeignetes Bezahlungsobjekt eingestellt werden."
"Purchase Order Number:","Bestellungsnummer:"
"Purchased From","Gekauft von"
"Purchased From (Store)","Gekauft in (Laden)"
"Purchased Item","Gekaufter Artikel"
"Purchased On","Gekauft am"
"Qty","Menge"
"Qty Invoiced","In Rechnung gestellte Menge"
"Qty Ordered","Bestellte Menge"
"Qty Shipped","Versandte Menge"
"Qty To Add","Hinzuzufügende Menge"
"Qty to Add","Hinzuzufügende Menge"
"Qty to Invoice","Zu berechnende Menge"
"Qty to Refund","Zu erstattende Menge"
"Qty to Ship","Zu versendende Menge"
"Quantity Ordered","Bestellmenge"
"Quote item id is not received.","Die angegebene Artikelnummer wurde nicht empfangen."
"Quote item is not loaded.","Der bestellte Artikel wird nicht geladen."
"Rate","Steuersatz"
"Recent Orders","Kürzlich aufgegebene Bestellungen"
"Recently Compared Products","Kürzlich verglichene Artikel"
"Recently Viewed","Kürzlich angesehen"
"Recently Viewed Products","Kürzlich angesehene Artikel"
"Recurring Profile","Wiederkehrendes Profil"
"Recurring Profile # %s","Wiederkehrendes Profil Nr. %s"
"Recurring Profile Initial Fee","Wiederkehrendes Profil Einrichtungsgebühr"
"Recurring Profiles","Wiederkehrende Profile"
"Recurring Profiles (beta)","Wiederkehrende Profile (Beta)"
"Reference ID","Referenz-ID"
"Reference ID:","Referenz-ID:"
"Refresh","Aktualisieren"
"Refund","Erstattung"
"Refund #","Erstattung Nr."
"Refund #%s","Erstattung Nr. %s"
"Refund Amount","Erstattungsbetrag"
"Refund Offline","Erstattung (offline)"
"Refund Shipping","Versandkosten erstatten"
"Refund Shipping (Excl. Tax)","Versandkosten erstatten (exkl. Steuer)"
"Refund Shipping (Incl. Tax)","Versandkosten erstatten (inkl. Steuer)"
"Refund Totals","Erstattungen (Summe)"
"Refunded","Erstattet"
"Refunded amount of %s offline.","Erstatteter Betrag von %s offline."
"Refunded amount of %s online.","Erstatteter Betrag von %s online."
"Refunds","Erstattungen"
"Registered a Void notification.","Leere Nachricht erhalten."
"Registered notification about approved payment.","Nachricht über bestätigte Zahlung erhalten."
"Registered notification about captured amount of %s.","Nachricht über erfassten Betrag von %s erhalten."
"Registered notification about denied payment.","Nachricht über abgelehnte Zahlung erhalten."
"Registered notification about refunded amount of %s.","Nachricht über einen erstatteten Betrag von %s erhalten."
"Registered update about approved payment.","Nachricht über Aktualisierung einer bestätigten Zahlung erhalten."
"Registered update about denied payment.","Nachricht über Aktualisierung einer abgelehnten Zahlung erhalten."
"Regular Payment","Regelmäßige Zahlung"
"Related Orders","Dazugehörige Bestellungen"
"Remove","Entfernen"
"Remove Coupon Code","Gutscheinkode entfernen"
"Remove tracking number","Sendungsverfolgungs-Nummer entfernen"
"Reorder","Wieder bestellen"
"Retrieve credit memo info","Rechnungskorrektur-Information abrufen"
"Retrieve credit memo information","Rechnungskorrektur-Information abrufen"
"Retrieve credit memo list","Rechnungskorrektur-Liste abrufen"
"Retrieve invoice info","Rechnungsinformationen abrufen"
"Retrieve invoice information","Rechnungsinformationen abrufen"
"Retrieve list of credit memos by filters","Rechnungskorrekturliste nach Filtern abrufen"
"Retrieve list of invoices by filters","Rechnungsliste nach Filtern abrufen"
"Retrieve list of orders by filters","Bestellliste nach Filtern abrufen"
"Retrieve list of shipments by filters","Versandliste nach Filtern abrufen"
"Retrieve order information","Bestellinformation abrufen"
"Retrieve orders info","Bestellinformationen abrufen"
"Retrieve shipment info","Versandinformation abrufen"
"Retrieve shipment information","Versandinformation abrufen"
"Return to Stock","Zurück ins Lager"
"Returned","Zurückgesendet"
"Returns","Rücksendungen"
"Revenue","Umsatz"
"Row Subtotal","Pos. Zwischensumme"
"Row Total","Pos. Summe"
"SKU","Bestandseinheit (SKU)"
"Sales","Verkäufe"
"Sales Discount","Rabatt"
"Sales Emails","Verkaufs-eMails"
"Sales Emails Section","Bereich Verkaufs-eMail"
"Sales Invoice Print View","Verkaufsrechnung Druckansicht"
"Sales Items","Verkaufte Artikel"
"Sales Order Print View","Bestellung Druckansicht"
"Sales Section","Verkaufsbereich"
"Sales Shipment Print View","Versand Druckansicht"
"Sales Shipping","Versand"
"Sales Tax","Umsatzsteuer"
"Sales Total","Gesamtbetrag"
"Same As Billing Address","Identisch mit Rechnungsadresse"
"Save Order Address","Bestelladresse speichern"
"Save Status","Status speichern"
"Save Status Assignment","Statuszuweisung speichern"
"Save in address book","Speichern im Adressbuch"
"Schedule","Planen"
"Select","Auswählen"
"Select All","Alle auswählen"
"Select from existing customer addresses:","Wählen Sie eine bestehende Kundenadresse:"
"Selected option(s) or their combination is not currently available.","Ausgewählte Option(en) oder deren Kombination ist derzeit nicht verfügbar."
"Send Credit Memo Comment Email Copy To","Sende Rechnungskorrektur-Kommentar in Kopie an eMail"
"Send Credit Memo Comments Email Copy Method","Sende Rechnungskorrektur-Kommentar in Kopie (Methode)"
"Send Credit Memo Email Copy Method","Sende Rechnungskorrektur in Kopie (Methode)"
"Send Credit Memo Email Copy To","Sende Rechnungskorrektur in Kopie an eMail"
"Send Email","eMail senden"
"Send Invoice Comment Email Copy To","Sende Rechnungskommentar in Kopie an"
"Send Invoice Comments Email Copy Method","Sende Rechnungskommentar in Kopie (Methode)"
"Send Invoice Email Copy Method","Sende Rechnung in Kopie (Methode)"
"Send Invoice Email Copy To","Sende Rechnung in Kopie an eMail"
"Send Order Comment Email Copy To","Sende Bestellkommentar in Kopie an eMail"
"Send Order Comments Email Copy Method","Sende Bestellkommentar in Kopie (Methode)"
"Send Order Email","eMail mit der Bestellung versenden"
"Send Order Email Copy Method","Sende Bestellung in Kopie (Methode)"
"Send Order Email Copy To","Sende Bestellung in Kopie an eMail"
"Send Sales Emails","Verkaufs-eMails verschicken"
"Send Shipment Comment Email Copy To","Sende Versandinformationen in Kopie an eMail"
"Send Shipment Comments Email Copy Method","Sende Versandinformationen in Kopie (Methode)"
"Send Shipment Email Copy Method","Sende Lieferungsvermerk in Kopie an eMail"
"Send Shipment Email Copy To","Sende Lieferungsvermerk in Kopie (Methode)"
"Send Tracking Information","Rückverfolgungsinformation senden"
"Send shipment info","Versandinformationen senden"
"Set order","Reihenfolge festlegen"
"Set order for existing transactions not allowed","Es ist nicht erlaubt, für die bestehende Transaktion eine Bestellung festzulegen."
"Ship","Versand"
"Ship To","Versand an"
"Ship to Name","Versand an"
"Ship to:","Versand an:"
"Shipment","Versand"
"Shipment #","Versand Nr. "
"Shipment #%1$s | %3$s (%2$s)","Versand Nr. %1$s | %3$s (%2$s)"
"Shipment #%s","Versand Nr. %s"
"Shipment #%s comment added","Kommentar zu Versand Nr. %s hinzugefügt"
"Shipment #%s created","Versand Nr. %s erstellt"
"Shipment Comment Email Sender","Versandkommentar eMail-Absender"
"Shipment Comment Email Template","Versandkommentar eMail-Vorlage"
"Shipment Comment Email Template for Guest","Versandkommentar eMail-Vorlage für Gast"
"Shipment Comments","Versandkommentare"
"Shipment Email Sender","Versand eMail-Absender"
"Shipment Email Template","Versand eMail-Vorlage"
"Shipment Email Template for Guest","Versand eMail-Vorlage für Gast"
"Shipment Update","Versand Aktualisierung"
"Shipment Update for Guest","Versand Aktualisierung für Gast"
"Shipments","Lieferscheine"
"Shipped","Versandt"
"Shipped By","Geliefert von"
"Shipping","Versand"
"Shipping & Handling","Versand & Bearbeitung"
"Shipping &amp; Handling","Versand & Bearbeitung"
"Shipping &amp; Handling Information","Informationen zu Versand & Bearbeitung"
"Shipping Address","Versandadresse"
"Shipping Amount","Versandkosten"
"Shipping Information","Versandinformation"
"Shipping Method","Versandart"
"Shipping Method:","Versandart:"
"Shipping Refund","Versanderstattung"
"Shipping and Tracking Information","Versand- und Rückverfolgungsinformation"
"Shopping Cart","Warenkorb"
"Show Packages","Pakete anzeigen"
"Signature Confirmation","Zustellbestätigung"
"Signed Up From","Angemeldet seit"
"Size","Größe"
"Sku","Bestandseinheit (SKU)"
"Sold to:","Verkauft an:"
"Some item options or their combination are not currently available.","Einige Optionen oder deren Kombination sind zurzeit nicht verfügbar."
"Some of the products below do not have all the required options.","Einige der unten aufgeführten Artikel haben nicht alle der erforderlichen Optionen."
"Some of the products below do not have all the required options. Please edit them and configure all the required options.","Einige der unten aufgeführten Artikel haben nicht alle der erforderlichen Optionen. Bitte editieren Sie diese Artikel und stellen alle verlangten Optionen ein."
"Some of the selected options are not currently available.","Einige der ausgewählten Optionen sind nicht verfügbar."
"Sorry, no quotes are available for this order at this time.","Es tut uns leid, es gibt derzeit keine Angebote für diese Bestellung."
"Source object is not specified.","Quellobjekt ist nicht angegeben."
"Specified profile does not exist.","Angegebenes Profil existiert nicht."
"State Code [State Title]","Zustandskode [Zustandsüberschrift]"
"State/Province","Bundesland/Provinz"
"Status","Status"
"Status Code","Status Kode"
"Status Label","Status Etikett"
"Status:","Status:"
"Store Credit","Guthaben im Laden"
"Store View Specific Labels","Ladenansicht Spezifische Bezeichnungen"
"Street Address","Anschrift (Straße, Hausnummer, PLZ)"
"Submit Comment","Kommentar übermitteln"
"Submit Credit Memo","Rechnungskorrektur übermitteln"
"Submit Invoice","Rechnung übermitteln"
"Submit Invoice and Shipment","Rechnung und Versandmitteilung übermitteln"
"Submit Order","Bestellung übermitteln"
"Submit Shipment","Lieferschein übermitteln"
"Subscribe to Newsletter","Newsletter abonnieren"
"Subscribe to Order Status","Bestellstatus abonnieren"
"Subtotal","Zwischensumme"
"Subtotal after discount.","Zwischensumme nach Rabatt."
"Subtotal:","Zwischensumme:"
"Suspected Fraud","Betrugsverdacht"
"Suspend","Aussetzen"
"Suspended","Ausgesetzt"
"Tax","Steuern"
"Tax Amount","Steuerbetrag"
"Tax Percent","Prozentsatz Steuern"
"Telephone","Telefon"
"The Order State ""%s"" must not be set manually.","Der Auftragsstatus ""%s"" darf nicht manuell festgelegt werden."
"The address total model should be extended from Mage_Sales_Model_Quote_Address_Total_Abstract.","Das Adress-Gesamtsummen-Model sollte die Klasse Mage_Sales_Model_Quote_Address_Total_Abstract erweitern."
"The billing agreement ""%s"" has been canceled.","Die Zahlungsvereinbarung ""%s"" wurde annuliert."
"The billing agreement ""%s"" has been created.","Die Zahlungsvereinbarung ""%s"" wurde erstellt."
"The coupon code has been accepted.","Der Rabattkode ist akzeptiert worden."
"The message has been sent.","Die Nachricht ist gesendet."
"The message was sent.","Die Nachricht ist gesendet worden."
"The order address has been updated.","Die Bestelladresse wurde aktualisiert."
"The order email has been sent.","Die Bestellbestätigung ist gesendet worden."
"The order has been cancelled.","Die Bestellung wurde storniert."
"The order has been created.","Die Bestellung wurde erstellt."
"The order has been put on hold.","Die Bestellung wurde auf Wartestellung gesetzt."
"The order has been released from holding status.","Die Bestellung wurde aus der Wartestellung genommen."
"The order has not been cancelled.","Die Bestellung wurde nicht storniert."
"The order status has been assigned.","Der Auftragsstatus wurde festgesetzt."
"The order status has been saved.","Der Auftragsstatus wurde gespeichert."
"The order status has been unassigned.","Der Auftragsstatus wurde entfernt."
"The order was not put on hold.","Die Bestellung wurde nicht auf Wartestellung gesetzt."
"The order was not unheld.","Der Auftrag ist nicht freigegeben worden."
"The order was placed using %s","Die Bestellung wurde unter Verwendung von %s durchgeführt"
"The order(s) cannot be canceled","Die Bestellung(en) konnte(n) nicht storniert werden"
"The payment has been accepted.","Die Bezahlung ist akzeptiert worden."
"The payment has been denied.","Die Zahlung wurde abgelehnt."
"The payment has been voided.","Die Zahlung wurde ungültig gemacht."
"The profile has been updated.","Das Profil wurde aktualisiert."
"The profile has no changes.","Es gibt keine Änderungen zum Profil."
"The profile state has been updated.","Der Profilzustand wurde aktualisiert."
"The quantity you want to add exceeds the total shipped quantity for some of selected Product(s)","Die von Ihnen hinzugefügte Menge überschreitet die zum Versand zugelassene Gesamtmenge einiger Artikel."
"The requested Payment Method is not available.","Die angeforderte Zahlungsart ist nicht verfügbar."
"The shipment has been sent.","Die Sendung wurde verschickt."
"The shipping label has been created.","Die Versandetikette wurde erstellt."
"The transaction ""%s"" (%s) is already closed.","Die Transaktion ""%s"" (%s) ist bereits abgeschlossen."
"The transaction ""%s"" cannot be captured yet.","Die Transaktion ""%s"" kann noch nicht erfasst werden."
"The value that you entered is not valid.","Der von Ihnen eingegebene Wert ist ungültig."
"There are no billing agreements yet.","Es gibt noch keine Zahlungsvereinbahrungen."
"There are no printable documents related to selected orders.","Es gibt keine ausdruckbaren Dokumente verbunden mit den gewählten Bestellungen."
"There are no shipping labels related to selected %s.","Es gibt keine Versandetiketten zu den ausgewählten %s."
"There are no shipping labels related to selected orders.","Es gibt keine Versandetiketten zu den ausgewählten Bestellungen."
"There are no shipping labels related to selected shipments.","Es gibt keine Versandetiketten zu den ausgewählten Sendungen."
"There is no need to approve this payment.","Diese Zahlung muss nicht bestätigt werden."
"There is no need to deny this payment.","Diese Bezahlung muss nicht verweigert werden."
"There is no update for the payment.","Es gibt keine Aktualisierung für diese Zahlung."
"This message will be shown in shopping cart when subtotal after discount less than minimum amount.","Diese Mitteilung erscheint im Warenkorb, wenn die Zwischensumme nach Rabatt kleiner als der Mindestbetrag ist."
"This operation requires an existing transaction object.","Diese Operation erfordert ein existierendes Transaktionsobjekt."
"This order contains (%s) items and therefore cannot be edited through the admin interface at this time, if you wish to continue editing the (%s) items will be removed, the order will be canceled and a new order will be placed.","Diese Bestellung enthält (%s) Artikel und kann deshalb nicht mit der Administrator-Oberfläche bearbeitet werden. Wenn Sie fortfahren möchten, werden die (%s) Artikel entfernt, die Bestellung wird gelöscht und eine neue erstellt."
"This order no longer exists.","Diese Bestellung existiert nicht mehr."
"This product does not have any configurable options","Dieser Artikel besitzt keine konfigurierbaren Optionen"
"This profile state cannot be changed to ""%s"".","Dieser Profilzustand konnte nicht zu ""%s"" abgeändert werden."
"This will create an offline refund. To create an online refund, open an invoice and create credit memo for it. Do you wish to proceed?","Dies erstellt eine Offline-Erstattung. Um eine Online-Erstattung zu erstellen, öffnen Sie eine Rechnung und erstellen Sie eine Rechnungskorrektur. Wollen Sie fortfahren?"
"Tier Pricing","Staffelpreise"
"Title","Titel"
"To","An"
"To Name","Name"
"To:","An:"
"Total","Gesamt"
"Total %d product(s)","Gesamt %d Artikel(e)"
"Total (ex)","Gesamt (zzgl.)"
"Total (inc)","Gesamt (inkl.)"
"Total Due","Gesamtsumme fällig"
"Total Invoiced","Gesamtsumme in Rechnung"
"Total Invoiced Paid","Gesamtsumme in Rechnung, bezahlt"
"Total Invoiced VS Paid Report","Gesamtsumme in Rechnung VS Paid Report"
"Total Invoiced not Paid","Gesamtsumme in Rechnung, nicht bezahlt"
"Total Ordered Report","Report Gesamtbestellvolumen"
"Total Paid","Gesamtsumme bezahlt"
"Total Qty","Gesamtanzahl"
"Total Refund","Gesamterstattung"
"Total Refunded","Gesamterstattung"
"Total Refunded Report","Gesamtreport zu Rückerstattungen"
"Total Sales Shipping","Gesamtsumme Versand"
"Total Shipped Report","Gesamtreport versendeter Produkte"
"Total Shipping","Gesamtsumme Versand"
"Total Shipping Charges","Gesamte Versandkosten"
"Total Tax","Gesamtsteuern"
"Total Weight","Gesamtgewicht"
"Total model should be extended from Mage_Sales_Model_Order_Total_Abstract.","Das Gesamtsummen-Model sollte die Klasse Mage_Sales_Model_Order_Total_Abstract erweitern."
"Track Order","Sendungsverfolgung"
"Track all shipment(s)","Alle Sendungen nachverfolgen"
"Track all shipments","Alle Sendungen nachverfolgen"
"Track this shipment","Diese Sendung nachverfolgen"
"Track your order","Ihre Bestellung nachverfolgen"
"Tracking","Sendungsverfolgung"
"Tracking Number","Verfolgungsnummer"
"Tracking Number(s):","Verfolgungsnummer(n):"
"Tracking number %s for %s assigned","Verfolgungsnummer %s für %s zugewiesen"
"Transaction ""%s"" was already processed.","Transaktion ""%s"" wurde schon bearbeitet."
"Transaction # %s | %s","Transaktions-Nr. %s | %s"
"Transaction ID","Transaktions-ID"
"Transaction ID must not be empty.","Transaktions-ID darf nicht leer sein."
"Transaction ID: ""%s"".","Transaktions-ID: ""%s""."
"Transaction Type","Transaktionstyp"
"Transactions","Transaktionen"
"Trial ","Test"
"Trial Payment","Probezahlung"
"Trial Period","Testperiode"
"Trial period payment","Test wiederkehrende Zahlung"
"Type","Art"
"Unassign","Zuweisung aufheben"
"Unhold","Wiederaufnehmen"
"Unhold action is not available.","Wiederaufnehmen ist nicht verfügbar."
"Unhold order","Bestellung wiederaufnehmen"
"Unknown State","Zustand unbekannt"
"Unknown Status","Status unbekannt"
"Unsupported transaction type ""%s"".","Nicht unterstützte Transaktions-Art ""%s""."
"Update Changes","Änderungen aktualisieren"
"Update Items and Qty\'s","Artikel und Mengen aktualisieren"
"Update Qty\'s","Anzahl aktualisieren"
"Updated At","Aktualisiert am"
"Updated:","Aktualisiert:"
"Use Aggregated Data (beta)","Verwende Sammlungsdaten (beta)"
"Use Order Status As Default","Bestellstatus als Voreinstellung verwenden"
"Validate Each Address Separately in Multi-address Checkout","Jede Adresse im Multiadress-Ausgang gesondert validieren"
"Value","Wert"
"View","Ansicht"
"View All","Alle ansehen"
"View Another Order","Eine andere Bestellung ansehen"
"View Order","Bestellung ansehen"
"Visible on Frontend","Sichtbar im Frontend"
"Void","Aufheben"
"Void invoice","Rechnung aufheben"
"Voided authorization.","Autorisierung aufgehoben."
"Website","Webseite"
"Weight","Gewicht"
"Whether buyer can define the date when billing for the profile begins.","Ob der Käufer das Datum festlegen kann, wann die Abrechnung für das Profil beginnt."
"Width","Breite"
"Wishlist","Wunschzettel"
"Wrong billing agreement ID specified.","Falsche Zahlungsvereinbarungs-ID angegeben."
"Wrong quote item id to update configuration.","Falsche Angebotskennnummer zur Aktualisierung der Konfiguration."
"Wrong state: ""%s"".","Falscher Zustand: ""%s""."
"Yes","Ja"
"You can leave a box blank if you don\'t wish to add a gift message for whole order","Sie können ein Eingabefeld leer lassen, wenn Sie keine Geschenkmitteilung für die gesamte Bestellung hinzufügen möchten."
"You don\'t have permissions to manage this order because of one or more products are not permitted for your website.","Sie haben keine Erlaubnis, diese Bestellung zu verwalten, weil eines oder mehrere Artikel für Ihre Webseite nicht zulässig sind."
"You have placed no orders.","Sie haben keine Bestellungen getätigt."
"You will be redirected to the payment system website.","Sie werden zur Zahlungsabwicklungs-Webseite weitergeleitet."
"Your credit card will be charged for","Ihre Kreditkarte wird belastet mit"
"ZIP Code","Postleitzahl"
"ZIP/Post Code","Postleitzahl"
"Zip/Postal Code","Postleitzahl"
"cm","cm"
"in","in"
"kg","kg"
"lb","US-Pfund"
"the credit memo email is not sent","die Rechnungskorrektur-eMail wurde nicht gesendet"
"the credit memo email was sent","die Rechnungskorrektur-eMail wurde versendet"
"the invoice email is not sent","die Rechnungs-eMail ist nicht versendet"
"the invoice email was sent","die Rechnungs-eMail wurde versendet"
"the order confirmation email is not sent","die Auftragsbestätigungs-eMail ist nicht versendet"
"the order confirmation email was sent","die Auftragsbestätigungs-eMail wurde versendet"
"the shipment email is not sent","die Versand-eMail wurde nicht gesendet"
"the shipment email was sent","die Versand-eMail wurde versendet"
